step,milliseconds,count
"Opening TPD file",250.5,
"Loading TSD data",10.3,
"Adding properties (schedules/fluids/design conditions)",69.3,
"Adding energy sources",24.3,
"Plantroom: setup",3.4,
"Plantroom: liquid systems",546.9,
"Plantroom: standalone components (wind / PV)",30.0,
"Plantroom: air systems",1671.7,
"Plantroom: ventilation legs (bind)",38.8,
"Plantroom: ventilation fans",47.3,
"Plantroom: ventilation exchangers",26.2,
"Plantroom: ventilation zone flags",27.1,
"Plantroom: recirculation cooling",0.9,
"Plantroom: manufacturer-guidance cooling",169521.7,
"Reconciling the conversion",2.7,
"Saving TPD",157.3,
"TOTAL",172428.5,
" > Guidance: write exchanger state table",51073.4,3
" > Guidance: exchanger state table cells written",0.0,241074
" > Guidance: exchanger state table cells",0.0,564810
" > Guidance: write coil supply-law table",31.7,3
" > Guidance: add controllers",55.9,3
" > Guidance: read back exchanger state table",117895.2,3
" > Guidance: read back coil",60.8,3
" > Guidance: read back controllers",52.4,3
